Date,Day,Time (ET),International (Yes/No),Home,Away
"September 04, 2025",Thursday,8:20p,No,PHI,DAL
"September 05, 2025",Friday,8:00p,Yes,LAC,KC
"September 07, 2025",Sunday,1:00p,No,ATL,TB
"September 07, 2025",Sunday,1:00p,No,CLE,CIN
"September 07, 2025",Sunday,1:00p,No,IND,MIA
"September 07, 2025",Sunday,1:00p,No,JAX,CAR
"September 07, 2025",Sunday,1:00p,No,NE,LV
"September 07, 2025",Sunday,1:00p,No,NO,ARI
"September 07, 2025",Sunday,1:00p,No,NYJ,PIT
"September 07, 2025",Sunday,1:00p,No,WSH,NYG
"September 07, 2025",Sunday,4:05p,No,DEN,TEN
"September 07, 2025",Sunday,4:05p,No,SEA,SF
"September 07, 2025",Sunday,4:25p,No,GB,DET
"September 07, 2025",Sunday,4:25p,No,LAR,HOU
"September 07, 2025",Sunday,8:20p,No,BUF,BAL
"September 08, 2025",Monday,8:15p,No,CHI,MIN
"September 11, 2025",Thursday,8:15p,No,GB,WSH
"September 14, 2025",Sunday,1:00p,No,BAL,CLE
"September 14, 2025",Sunday,1:00p,No,CIN,JAX
"September 14, 2025",Sunday,1:00p,No,DAL,NYG
"September 14, 2025",Sunday,1:00p,No,DET,CHI
"September 14, 2025",Sunday,1:00p,No,MIA,NE
"September 14, 2025",Sunday,1:00p,No,NO,SF
"September 14, 2025",Sunday,1:00p,No,NYJ,BUF
"September 14, 2025",Sunday,1:00p,No,PIT,SEA
"September 14, 2025",Sunday,1:00p,No,TEN,LAR
"September 14, 2025",Sunday,4:05p,No,ARI,CAR
"September 14, 2025",Sunday,4:05p,No,IND,DEN
"September 14, 2025",Sunday,4:25p,No,KC,PHI
"September 14, 2025",Sunday,8:20p,No,MIN,ATL
"September 15, 2025",Monday,7:00p,No,HOU,TB
"September 15, 2025",Monday,10:00p,No,LV,LAC
"September 18, 2025",Thursday,8:15p,No,BUF,MIA
"September 21, 2025",Sunday,1:00p,No,CAR,ATL
"September 21, 2025",Sunday,1:00p,No,CLE,GB
"September 21, 2025",Sunday,1:00p,No,JAX,HOU
"September 21, 2025",Sunday,1:00p,No,MIN,CIN
"September 21, 2025",Sunday,1:00p,No,NE,PIT
"September 21, 2025",Sunday,1:00p,No,PHI,LAR
"September 21, 2025",Sunday,1:00p,No,TB,NYJ
"September 21, 2025",Sunday,1:00p,No,TEN,IND
"September 21, 2025",Sunday,1:00p,No,WSH,LV
"September 21, 2025",Sunday,4:05p,No,LAC,DEN
"September 21, 2025",Sunday,4:05p,No,SEA,NO
"September 21, 2025",Sunday,4:25p,No,CHI,DAL
"September 21, 2025",Sunday,4:25p,No,SF,ARI
"September 21, 2025",Sunday,8:20p,No,NYG,KC
"September 22, 2025",Monday,8:15p,No,BAL,DET
"September 25, 2025",Thursday,8:15p,No,ARI,SEA
"September 28, 2025",Sunday,9:30a,Yes,MIN,PIT
"September 28, 2025",Sunday,1:00p,No,ATL,WSH
"September 28, 2025",Sunday,1:00p,No,BUF,NO
"September 28, 2025",Sunday,1:00p,No,DET,CLE
"September 28, 2025",Sunday,1:00p,No,HOU,TEN
"September 28, 2025",Sunday,1:00p,No,NE,CAR
"September 28, 2025",Sunday,1:00p,No,NYG,LAC
"September 28, 2025",Sunday,1:00p,No,TB,PHI
"September 28, 2025",Sunday,4:05p,No,LAR,IND
"September 28, 2025",Sunday,4:05p,No,SF,JAX
"September 28, 2025",Sunday,4:25p,No,KC,BAL
"September 28, 2025",Sunday,4:25p,No,LV,CHI
"September 28, 2025",Sunday,8:20p,No,DAL,GB
"September 29, 2025",Monday,7:15p,No,MIA,NYJ
"September 29, 2025",Monday,8:15p,No,DEN,CIN
"October 02, 2025",Thursday,8:15p,No,LAR,SF
"October 05, 2025",Sunday,9:30a,Yes,MIN,CLE
"October 05, 2025",Sunday,1:00p,No,BAL,HOU
"October 05, 2025",Sunday,1:00p,No,CAR,MIA
"October 05, 2025",Sunday,1:00p,No,IND,LV
"October 05, 2025",Sunday,1:00p,No,NO,NYG
"October 05, 2025",Sunday,1:00p,No,NYJ,DAL
"October 05, 2025",Sunday,1:00p,No,PHI,DEN
"October 05, 2025",Sunday,4:05p,No,ARI,TEN
"October 05, 2025",Sunday,4:05p,No,SEA,TB
"October 05, 2025",Sunday,4:25p,No,CIN,DET
"October 05, 2025",Sunday,4:25p,No,LAC,WSH
"October 05, 2025",Sunday,8:20p,No,BUF,NE
"October 06, 2025",Monday,8:15p,No,JAX,KC
"October 09, 2025",Thursday,8:15p,No,NYG,PHI
"October 12, 2025",Sunday,9:30a,Yes,DEN,NYJ
"October 12, 2025",Sunday,1:00p,No,BAL,LAR
"October 12, 2025",Sunday,1:00p,No,CAR,DAL
"October 12, 2025",Sunday,1:00p,No,IND,ARI
"October 12, 2025",Sunday,1:00p,No,JAX,SEA
"October 12, 2025",Sunday,1:00p,No,MIA,LAC
"October 12, 2025",Sunday,1:00p,No,PIT,CLE
"October 12, 2025",Sunday,1:00p,No,TB,SF
"October 12, 2025",Sunday,4:05p,No,LV,TEN
"October 12, 2025",Sunday,4:25p,No,GB,CIN
"October 12, 2025",Sunday,4:25p,No,NO,NE
"October 12, 2025",Sunday,8:20p,No,KC,DET
"October 13, 2025",Monday,7:15p,No,ATL,BUF
"October 13, 2025",Monday,8:15p,No,WSH,CHI
"October 16, 2025",Thursday,8:15p,No,CIN,PIT
"October 19, 2025",Sunday,9:30a,Yes,JAX,LAR
"October 19, 2025",Sunday,1:00p,No,CHI,NO
"October 19, 2025",Sunday,1:00p,No,CLE,MIA
"October 19, 2025",Sunday,1:00p,No,KC,LV
"October 19, 2025",Sunday,1:00p,No,MIN,PHI
"October 19, 2025",Sunday,1:00p,No,NYJ,CAR
"October 19, 2025",Sunday,1:00p,No,TEN,NE
"October 19, 2025",Sunday,4:05p,No,DEN,NYG
"October 19, 2025",Sunday,4:05p,No,LAC,IND
"October 19, 2025",Sunday,4:25p,No,ARI,GB
"October 19, 2025",Sunday,4:25p,No,DAL,WSH
"October 19, 2025",Sunday,8:20p,No,SF,ATL
"October 20, 2025",Monday,7:00p,No,DET,TB
"October 20, 2025",Monday,10:00p,No,SEA,HOU
"October 23, 2025",Thursday,8:15p,No,LAC,MIN
"October 26, 2025",Sunday,1:00p,No,ATL,MIA
"October 26, 2025",Sunday,1:00p,No,BAL,CHI
"October 26, 2025",Sunday,1:00p,No,CAR,BUF
"October 26, 2025",Sunday,1:00p,No,CIN,NYJ
"October 26, 2025",Sunday,1:00p,No,HOU,SF
"October 26, 2025",Sunday,1:00p,No,NE,CLE
"October 26, 2025",Sunday,1:00p,No,PHI,NYG
"October 26, 2025",Sunday,4:05p,No,NO,TB
"October 26, 2025",Sunday,4:25p,No,DEN,DAL
"October 26, 2025",Sunday,4:25p,No,IND,TEN
"October 26, 2025",Sunday,8:20p,No,PIT,GB
"October 27, 2025",Monday,8:15p,No,KC,WSH
"October 30, 2025",Thursday,8:15p,No,MIA,BAL
"November 02, 2025",Sunday,1:00p,No,CIN,CHI
"November 02, 2025",Sunday,1:00p,No,DET,MIN
"November 02, 2025",Sunday,1:00p,No,GB,CAR
"November 02, 2025",Sunday,1:00p,No,HOU,DEN
"November 02, 2025",Sunday,1:00p,No,NE,ATL
"November 02, 2025",Sunday,1:00p,No,NYG,SF
"November 02, 2025",Sunday,1:00p,No,PIT,IND
"November 02, 2025",Sunday,1:00p,No,TEN,LAC
"November 02, 2025",Sunday,4:05p,No,LAR,NO
"November 02, 2025",Sunday,4:05p,No,LV,JAX
"November 02, 2025",Sunday,4:25p,No,BUF,KC
"November 02, 2025",Sunday,8:20p,No,WSH,SEA
"November 03, 2025",Monday,8:15p,No,DAL,ARI
"November 06, 2025",Thursday,8:15p,No,DEN,LV
"November 09, 2025",Sunday,9:30a,Yes,ATL,IND
"November 09, 2025",Sunday,1:00p,No,CAR,NO
"November 09, 2025",Sunday,1:00p,No,CHI,NYG
"November 09, 2025",Sunday,1:00p,No,HOU,JAX
"November 09, 2025",Sunday,1:00p,No,MIA,BUF
"November 09, 2025",Sunday,1:00p,No,MIN,BAL
"November 09, 2025",Sunday,1:00p,No,NYJ,CLE
"November 09, 2025",Sunday,1:00p,No,TB,NE
"November 09, 2025",Sunday,4:05p,No,SEA,ARI
"November 09, 2025",Sunday,4:25p,No,SF,LAR
"November 09, 2025",Sunday,4:25p,No,WSH,DET
"November 09, 2025",Sunday,8:20p,No,LAC,PIT
"November 10, 2025",Monday,8:15p,No,GB,PHI
"November 13, 2025",Thursday,8:15p,No,NE,NYJ
"November 16, 2025",Sunday,9:30a,Yes,WSH,MIA
"November 16, 2025",Sunday,1:00p,No,ATL,CAR
"November 16, 2025",Sunday,1:00p,No,BUF,TB
"November 16, 2025",Sunday,1:00p,No,JAX,LAC
"November 16, 2025",Sunday,1:00p,No,MIN,CHI
"November 16, 2025",Sunday,1:00p,No,NYG,GB
"November 16, 2025",Sunday,1:00p,No,PIT,CIN
"November 16, 2025",Sunday,1:00p,No,TEN,HOU
"November 16, 2025",Sunday,4:05p,No,ARI,SF
"November 16, 2025",Sunday,4:05p,No,LAR,SEA
"November 16, 2025",Sunday,4:25p,No,CLE,BAL
"November 16, 2025",Sunday,4:25p,No,DEN,KC
"November 16, 2025",Sunday,8:20p,No,PHI,DET
"November 17, 2025",Monday,8:15p,No,LV,DAL
"November 20, 2025",Thursday,8:15p,No,HOU,BUF
"November 23, 2025",Sunday,1:00p,No,BAL,NYJ
"November 23, 2025",Sunday,1:00p,No,CHI,PIT
"November 23, 2025",Sunday,1:00p,No,CIN,NE
"November 23, 2025",Sunday,1:00p,No,DET,NYG
"November 23, 2025",Sunday,1:00p,No,GB,MIN
"November 23, 2025",Sunday,1:00p,No,KC,IND
"November 23, 2025",Sunday,1:00p,No,TEN,SEA
"November 23, 2025",Sunday,4:05p,No,ARI,JAX
"November 23, 2025",Sunday,4:05p,No,LV,CLE
"November 23, 2025",Sunday,4:25p,No,DAL,PHI
"November 23, 2025",Sunday,4:25p,No,NO,ATL
"November 23, 2025",Sunday,8:20p,No,LAR,TB
"November 24, 2025",Monday,8:15p,No,SF,CAR
"November 27, 2025",Thursday,1:00p,No,DET,GB
"November 27, 2025",Thursday,4:30p,No,DAL,KC
"November 27, 2025",Thursday,8:20p,No,BAL,CIN
"November 28, 2025",Friday,3:00p,No,PHI,CHI
"November 30, 2025",Sunday,1:00p,No,CAR,LAR
"November 30, 2025",Sunday,1:00p,No,CLE,SF
"November 30, 2025",Sunday,1:00p,No,IND,HOU
"November 30, 2025",Sunday,1:00p,No,MIA,NO
"November 30, 2025",Sunday,1:00p,No,NYJ,ATL
"November 30, 2025",Sunday,1:00p,No,TB,ARI
"November 30, 2025",Sunday,1:00p,No,TEN,JAX
"November 30, 2025",Sunday,4:05p,No,SEA,MIN
"November 30, 2025",Sunday,4:25p,No,LAC,LV
"November 30, 2025",Sunday,4:25p,No,PIT,BUF
"November 30, 2025",Sunday,8:20p,No,WSH,DEN
"December 01, 2025",Monday,8:15p,No,NE,NYG
"December 04, 2025",Thursday,8:15p,No,DET,DAL
"December 07, 2025",Sunday,1:00p,No,ATL,SEA
"December 07, 2025",Sunday,1:00p,No,BAL,PIT
"December 07, 2025",Sunday,1:00p,No,CLE,TEN
"December 07, 2025",Sunday,1:00p,No,GB,CHI
"December 07, 2025",Sunday,1:00p,No,JAX,IND
"December 07, 2025",Sunday,1:00p,No,MIN,WSH
"December 07, 2025",Sunday,1:00p,No,NYJ,MIA
"December 07, 2025",Sunday,1:00p,No,TB,NO
"December 07, 2025",Sunday,4:05p,No,LV,DEN
"December 07, 2025",Sunday,4:25p,No,ARI,LAR
"December 07, 2025",Sunday,4:25p,No,BUF,CIN
"December 07, 2025",Sunday,8:20p,No,KC,HOU
"December 08, 2025",Monday,8:15p,No,LAC,PHI
"December 11, 2025",Thursday,8:15p,No,TB,ATL
"December 14, 2025",Sunday,1:00p,No,CHI,CLE
"December 14, 2025",Sunday,1:00p,No,CIN,BAL
"December 14, 2025",Sunday,1:00p,No,HOU,ARI
"December 14, 2025",Sunday,1:00p,No,JAX,NYJ
"December 14, 2025",Sunday,1:00p,No,KC,LAC
"December 14, 2025",Sunday,1:00p,No,NE,BUF
"December 14, 2025",Sunday,1:00p,No,NYG,WSH
"December 14, 2025",Sunday,1:00p,No,PHI,LV
"December 14, 2025",Sunday,4:25p,No,DEN,GB
"December 14, 2025",Sunday,4:25p,No,LAR,DET
"December 14, 2025",Sunday,4:25p,No,NO,CAR
"December 14, 2025",Sunday,4:25p,No,SEA,IND
"December 14, 2025",Sunday,4:25p,No,SF,TEN
"December 14, 2025",Sunday,8:20p,No,DAL,MIN
"December 15, 2025",Monday,8:15p,No,PIT,MIA
"December 18, 2025",Thursday,8:15p,No,SEA,LAR
"December 20, 2025",Saturday,TBD,No,CHI,GB
"December 20, 2025",Saturday,TBD,No,WSH,PHI
"December 21, 2025",Sunday,1:00p,No,BAL,NE
"December 21, 2025",Sunday,1:00p,No,CAR,TB
"December 21, 2025",Sunday,1:00p,No,CLE,BUF
"December 21, 2025",Sunday,1:00p,No,DAL,LAC
"December 21, 2025",Sunday,1:00p,No,NO,NYJ
"December 21, 2025",Sunday,1:00p,No,NYG,MIN
"December 21, 2025",Sunday,1:00p,No,TEN,KC
"December 21, 2025",Sunday,4:05p,No,ARI,ATL
"December 21, 2025",Sunday,4:05p,No,DEN,JAX
"December 21, 2025",Sunday,4:25p,No,DET,PIT
"December 21, 2025",Sunday,4:25p,No,HOU,LV
"December 21, 2025",Sunday,8:20p,No,MIA,CIN
"December 22, 2025",Monday,8:15p,No,IND,SF
"December 25, 2025",Thursday,1:00p,No,WSH,DAL
"December 25, 2025",Thursday,4:30p,No,MIN,DET
"December 25, 2025",Thursday,8:15p,No,KC,DEN
"December 27, 2025",Saturday,TBD,No,CAR,SEA
"December 27, 2025",Saturday,TBD,No,CIN,ARI
"December 27, 2025",Saturday,TBD,No,GB,BAL
"December 27, 2025",Saturday,TBD,No,LAC,HOU
"December 27, 2025",Saturday,TBD,No,LV,NYG
"December 28, 2025",Sunday,1:00p,No,CLE,PIT
"December 28, 2025",Sunday,1:00p,No,IND,JAX
"December 28, 2025",Sunday,1:00p,No,MIA,TB
"December 28, 2025",Sunday,1:00p,No,NYJ,NE
"December 28, 2025",Sunday,1:00p,No,TEN,NO
"December 28, 2025",Sunday,4:25p,No,BUF,PHI
"December 28, 2025",Sunday,8:20p,No,SF,CHI
"December 29, 2025",Monday,8:15p,No,ATL,LAR
"January 3, 2026 or January 4, 2026",Saturday or Sunday,TBD,No,ATL,NO
"January 3, 2026 or January 4, 2026",Saturday or Sunday,TBD,No,BUF,NYJ
"January 3, 2026 or January 4, 2026",Saturday or Sunday,TBD,No,CHI,DET
"January 3, 2026 or January 4, 2026",Saturday or Sunday,TBD,No,CIN,CLE
"January 3, 2026 or January 4, 2026",Saturday or Sunday,TBD,No,DEN,LAC
"January 3, 2026 or January 4, 2026",Saturday or Sunday,TBD,No,HOU,IND
"January 3, 2026 or January 4, 2026",Saturday or Sunday,TBD,No,JAX,TEN
"January 3, 2026 or January 4, 2026",Saturday or Sunday,TBD,No,LAR,ARI
"January 3, 2026 or January 4, 2026",Saturday or Sunday,TBD,No,LV,KC
"January 3, 2026 or January 4, 2026",Saturday or Sunday,TBD,No,MIN,GB
"January 3, 2026 or January 4, 2026",Saturday or Sunday,TBD,No,NE,MIA
"January 3, 2026 or January 4, 2026",Saturday or Sunday,TBD,No,NYG,DAL
"January 3, 2026 or January 4, 2026",Saturday or Sunday,TBD,No,PHI,WSH
"January 3, 2026 or January 4, 2026",Saturday or Sunday,TBD,No,PIT,BAL
"January 3, 2026 or January 4, 2026",Saturday or Sunday,TBD,No,SF,SEA
"January 3, 2026 or January 4, 2026",Saturday or Sunday,TBD,No,TB,CAR
